date,neighborhood,predicted_requests,confidence_lower,confidence_upper
2025-08-18,Bayview Hunters Point,83.0,43.18181221825606,122.81818778174394
2025-08-19,Bayview Hunters Point,69.0,29.181812218256063,108.81818778174394
2025-08-20,Bayview Hunters Point,71.0,31.181812218256063,110.81818778174394
2025-08-21,Bayview Hunters Point,56.0,16.181812218256063,95.81818778174394
2025-08-22,Bayview Hunters Point,40.0,0.18181221825606286,79.81818778174394
2025-08-23,Bayview Hunters Point,20.0,0.0,59.81818778174394
2025-08-24,Bayview Hunters Point,42.0,2.181812218256063,81.81818778174394
2025-08-25,Bayview Hunters Point,83.0,43.18181221825606,122.81818778174394
2025-08-26,Bayview Hunters Point,69.0,29.181812218256063,108.81818778174394
2025-08-27,Bayview Hunters Point,71.0,31.181812218256063,110.81818778174394
2025-08-28,Bayview Hunters Point,56.0,16.181812218256063,95.81818778174394
2025-08-29,Bayview Hunters Point,40.0,0.18181221825606286,79.81818778174394
2025-08-30,Bayview Hunters Point,20.0,0.0,59.81818778174394
2025-08-31,Bayview Hunters Point,42.0,2.181812218256063,81.81818778174394
2025-09-01,Bayview Hunters Point,83.0,43.18181221825606,122.81818778174394
2025-09-02,Bayview Hunters Point,69.0,29.181812218256063,108.81818778174394
2025-09-03,Bayview Hunters Point,71.0,31.181812218256063,110.81818778174394
2025-09-04,Bayview Hunters Point,56.0,16.181812218256063,95.81818778174394
2025-09-05,Bayview Hunters Point,40.0,0.18181221825606286,79.81818778174394
2025-09-06,Bayview Hunters Point,20.0,0.0,59.81818778174394
2025-09-07,Bayview Hunters Point,42.0,2.181812218256063,81.81818778174394
2025-09-08,Bayview Hunters Point,83.0,43.18181221825606,122.81818778174394
2025-09-09,Bayview Hunters Point,69.0,29.181812218256063,108.81818778174394
2025-09-10,Bayview Hunters Point,71.0,31.181812218256063,110.81818778174394
2025-09-11,Bayview Hunters Point,56.0,16.181812218256063,95.81818778174394
2025-09-12,Bayview Hunters Point,40.0,0.18181221825606286,79.81818778174394
2025-09-13,Bayview Hunters Point,20.0,0.0,59.81818778174394
2025-09-14,Bayview Hunters Point,42.0,2.181812218256063,81.81818778174394
2025-09-15,Bayview Hunters Point,83.0,43.18181221825606,122.81818778174394
2025-09-16,Bayview Hunters Point,69.0,29.181812218256063,108.81818778174394
2025-08-18,Bernal Heights,32.0,18.03317575267894,45.96682424732106
2025-08-19,Bernal Heights,19.0,5.03317575267894,32.96682424732106
2025-08-20,Bernal Heights,31.0,17.03317575267894,44.96682424732106
2025-08-21,Bernal Heights,20.0,6.03317575267894,33.96682424732106
2025-08-22,Bernal Heights,14.0,0.033175752678939574,27.96682424732106
2025-08-23,Bernal Heights,28.0,14.03317575267894,41.96682424732106
2025-08-24,Bernal Heights,14.0,0.033175752678939574,27.96682424732106
2025-08-25,Bernal Heights,32.0,18.03317575267894,45.96682424732106
2025-08-26,Bernal Heights,19.0,5.03317575267894,32.96682424732106
2025-08-27,Bernal Heights,31.0,17.03317575267894,44.96682424732106
2025-08-28,Bernal Heights,20.0,6.03317575267894,33.96682424732106
2025-08-29,Bernal Heights,14.0,0.033175752678939574,27.96682424732106
2025-08-30,Bernal Heights,28.0,14.03317575267894,41.96682424732106
2025-08-31,Bernal Heights,14.0,0.033175752678939574,27.96682424732106
2025-09-01,Bernal Heights,32.0,18.03317575267894,45.96682424732106
2025-09-02,Bernal Heights,19.0,5.03317575267894,32.96682424732106
2025-09-03,Bernal Heights,31.0,17.03317575267894,44.96682424732106
2025-09-04,Bernal Heights,20.0,6.03317575267894,33.96682424732106
2025-09-05,Bernal Heights,14.0,0.033175752678939574,27.96682424732106
2025-09-06,Bernal Heights,28.0,14.03317575267894,41.96682424732106
2025-09-07,Bernal Heights,14.0,0.033175752678939574,27.96682424732106
2025-09-08,Bernal Heights,32.0,18.03317575267894,45.96682424732106
2025-09-09,Bernal Heights,19.0,5.03317575267894,32.96682424732106
2025-09-10,Bernal Heights,31.0,17.03317575267894,44.96682424732106
2025-09-11,Bernal Heights,20.0,6.03317575267894,33.96682424732106
2025-09-12,Bernal Heights,14.0,0.033175752678939574,27.96682424732106
2025-09-13,Bernal Heights,28.0,14.03317575267894,41.96682424732106
2025-09-14,Bernal Heights,14.0,0.033175752678939574,27.96682424732106
2025-09-15,Bernal Heights,32.0,18.03317575267894,45.96682424732106
2025-09-16,Bernal Heights,19.0,5.03317575267894,32.96682424732106
2025-08-18,Castro/Upper Market,40.0,21.55458218900363,58.445417810996375
2025-08-19,Castro/Upper Market,39.0,20.55458218900363,57.445417810996375
2025-08-20,Castro/Upper Market,23.0,4.554582189003629,41.445417810996375
2025-08-21,Castro/Upper Market,21.0,2.5545821890036287,39.445417810996375
2025-08-22,Castro/Upper Market,35.0,16.55458218900363,53.445417810996375
2025-08-23,Castro/Upper Market,45.0,26.55458218900363,63.445417810996375
2025-08-24,Castro/Upper Market,20.0,1.5545821890036287,38.445417810996375
2025-08-25,Castro/Upper Market,40.0,21.55458218900363,58.445417810996375
2025-08-26,Castro/Upper Market,39.0,20.55458218900363,57.445417810996375
2025-08-27,Castro/Upper Market,23.0,4.554582189003629,41.445417810996375
2025-08-28,Castro/Upper Market,21.0,2.5545821890036287,39.445417810996375
2025-08-29,Castro/Upper Market,35.0,16.55458218900363,53.445417810996375
2025-08-30,Castro/Upper Market,45.0,26.55458218900363,63.445417810996375
2025-08-31,Castro/Upper Market,20.0,1.5545821890036287,38.445417810996375
2025-09-01,Castro/Upper Market,40.0,21.55458218900363,58.445417810996375
2025-09-02,Castro/Upper Market,39.0,20.55458218900363,57.445417810996375
2025-09-03,Castro/Upper Market,23.0,4.554582189003629,41.445417810996375
2025-09-04,Castro/Upper Market,21.0,2.5545821890036287,39.445417810996375
2025-09-05,Castro/Upper Market,35.0,16.55458218900363,53.445417810996375
2025-09-06,Castro/Upper Market,45.0,26.55458218900363,63.445417810996375
2025-09-07,Castro/Upper Market,20.0,1.5545821890036287,38.445417810996375
2025-09-08,Castro/Upper Market,40.0,21.55458218900363,58.445417810996375
2025-09-09,Castro/Upper Market,39.0,20.55458218900363,57.445417810996375
2025-09-10,Castro/Upper Market,23.0,4.554582189003629,41.445417810996375
2025-09-11,Castro/Upper Market,21.0,2.5545821890036287,39.445417810996375
2025-09-12,Castro/Upper Market,35.0,16.55458218900363,53.445417810996375
2025-09-13,Castro/Upper Market,45.0,26.55458218900363,63.445417810996375
2025-09-14,Castro/Upper Market,20.0,1.5545821890036287,38.445417810996375
2025-09-15,Castro/Upper Market,40.0,21.55458218900363,58.445417810996375
2025-09-16,Castro/Upper Market,39.0,20.55458218900363,57.445417810996375
2025-08-18,Excelsior,28.0,13.553205907345548,42.44679409265445
2025-08-19,Excelsior,24.0,9.553205907345548,38.44679409265445
2025-08-20,Excelsior,16.0,1.5532059073455482,30.44679409265445
2025-08-21,Excelsior,15.0,0.5532059073455482,29.44679409265445
2025-08-22,Excelsior,24.0,9.553205907345548,38.44679409265445
2025-08-23,Excelsior,35.0,20.55320590734555,49.44679409265445
2025-08-24,Excelsior,12.0,0.0,26.44679409265445
2025-08-25,Excelsior,28.0,13.553205907345548,42.44679409265445
2025-08-26,Excelsior,24.0,9.553205907345548,38.44679409265445
2025-08-27,Excelsior,16.0,1.5532059073455482,30.44679409265445
2025-08-28,Excelsior,15.0,0.5532059073455482,29.44679409265445
2025-08-29,Excelsior,24.0,9.553205907345548,38.44679409265445
2025-08-30,Excelsior,35.0,20.55320590734555,49.44679409265445
2025-08-31,Excelsior,12.0,0.0,26.44679409265445
2025-09-01,Excelsior,28.0,13.553205907345548,42.44679409265445
2025-09-02,Excelsior,24.0,9.553205907345548,38.44679409265445
2025-09-03,Excelsior,16.0,1.5532059073455482,30.44679409265445
2025-09-04,Excelsior,15.0,0.5532059073455482,29.44679409265445
2025-09-05,Excelsior,24.0,9.553205907345548,38.44679409265445
2025-09-06,Excelsior,35.0,20.55320590734555,49.44679409265445
2025-09-07,Excelsior,12.0,0.0,26.44679409265445
2025-09-08,Excelsior,28.0,13.553205907345548,42.44679409265445
2025-09-09,Excelsior,24.0,9.553205907345548,38.44679409265445
2025-09-10,Excelsior,16.0,1.5532059073455482,30.44679409265445
2025-09-11,Excelsior,15.0,0.5532059073455482,29.44679409265445
2025-09-12,Excelsior,24.0,9.553205907345548,38.44679409265445
2025-09-13,Excelsior,35.0,20.55320590734555,49.44679409265445
2025-09-14,Excelsior,12.0,0.0,26.44679409265445
2025-09-15,Excelsior,28.0,13.553205907345548,42.44679409265445
2025-09-16,Excelsior,24.0,9.553205907345548,38.44679409265445
2025-08-18,Financial District/South Beach,31.0,22.368084440738414,39.631915559261586
2025-08-19,Financial District/South Beach,35.0,26.368084440738414,43.631915559261586
2025-08-20,Financial District/South Beach,24.0,15.368084440738416,32.631915559261586
2025-08-21,Financial District/South Beach,40.0,31.368084440738414,48.631915559261586
2025-08-22,Financial District/South Beach,32.0,23.368084440738414,40.631915559261586
2025-08-23,Financial District/South Beach,32.0,23.368084440738414,40.631915559261586
2025-08-24,Financial District/South Beach,35.0,26.368084440738414,43.631915559261586
2025-08-25,Financial District/South Beach,31.0,22.368084440738414,39.631915559261586
2025-08-26,Financial District/South Beach,35.0,26.368084440738414,43.631915559261586
2025-08-27,Financial District/South Beach,24.0,15.368084440738416,32.631915559261586
2025-08-28,Financial District/South Beach,40.0,31.368084440738414,48.631915559261586
2025-08-29,Financial District/South Beach,32.0,23.368084440738414,40.631915559261586
2025-08-30,Financial District/South Beach,32.0,23.368084440738414,40.631915559261586
2025-08-31,Financial District/South Beach,35.0,26.368084440738414,43.631915559261586
2025-09-01,Financial District/South Beach,31.0,22.368084440738414,39.631915559261586
2025-09-02,Financial District/South Beach,35.0,26.368084440738414,43.631915559261586
2025-09-03,Financial District/South Beach,24.0,15.368084440738416,32.631915559261586
2025-09-04,Financial District/South Beach,40.0,31.368084440738414,48.631915559261586
2025-09-05,Financial District/South Beach,32.0,23.368084440738414,40.631915559261586
2025-09-06,Financial District/South Beach,32.0,23.368084440738414,40.631915559261586
2025-09-07,Financial District/South Beach,35.0,26.368084440738414,43.631915559261586
2025-09-08,Financial District/South Beach,31.0,22.368084440738414,39.631915559261586
2025-09-09,Financial District/South Beach,35.0,26.368084440738414,43.631915559261586
2025-09-10,Financial District/South Beach,24.0,15.368084440738416,32.631915559261586
2025-09-11,Financial District/South Beach,40.0,31.368084440738414,48.631915559261586
2025-09-12,Financial District/South Beach,32.0,23.368084440738414,40.631915559261586
2025-09-13,Financial District/South Beach,32.0,23.368084440738414,40.631915559261586
2025-09-14,Financial District/South Beach,35.0,26.368084440738414,43.631915559261586
2025-09-15,Financial District/South Beach,31.0,22.368084440738414,39.631915559261586
2025-09-16,Financial District/South Beach,35.0,26.368084440738414,43.631915559261586
2025-08-18,Golden Gate Park,8.0,4.13427574703006,11.86572425296994
2025-08-19,Golden Gate Park,7.0,3.13427574703006,10.86572425296994
2025-08-20,Golden Gate Park,6.0,2.13427574703006,9.86572425296994
2025-08-21,Golden Gate Park,5.0,1.1342757470300602,8.86572425296994
2025-08-22,Golden Gate Park,3.0,0.0,6.86572425296994
2025-08-23,Golden Gate Park,9.0,5.13427574703006,12.86572425296994
2025-08-24,Golden Gate Park,4.0,0.13427574703006018,7.86572425296994
2025-08-25,Golden Gate Park,8.0,4.13427574703006,11.86572425296994
2025-08-26,Golden Gate Park,7.0,3.13427574703006,10.86572425296994
2025-08-27,Golden Gate Park,6.0,2.13427574703006,9.86572425296994
2025-08-28,Golden Gate Park,5.0,1.1342757470300602,8.86572425296994
2025-08-29,Golden Gate Park,3.0,0.0,6.86572425296994
2025-08-30,Golden Gate Park,9.0,5.13427574703006,12.86572425296994
2025-08-31,Golden Gate Park,4.0,0.13427574703006018,7.86572425296994
2025-09-01,Golden Gate Park,8.0,4.13427574703006,11.86572425296994
2025-09-02,Golden Gate Park,7.0,3.13427574703006,10.86572425296994
2025-09-03,Golden Gate Park,6.0,2.13427574703006,9.86572425296994
2025-09-04,Golden Gate Park,5.0,1.1342757470300602,8.86572425296994
2025-09-05,Golden Gate Park,3.0,0.0,6.86572425296994
2025-09-06,Golden Gate Park,9.0,5.13427574703006,12.86572425296994
2025-09-07,Golden Gate Park,4.0,0.13427574703006018,7.86572425296994
2025-09-08,Golden Gate Park,8.0,4.13427574703006,11.86572425296994
2025-09-09,Golden Gate Park,7.0,3.13427574703006,10.86572425296994
2025-09-10,Golden Gate Park,6.0,2.13427574703006,9.86572425296994
2025-09-11,Golden Gate Park,5.0,1.1342757470300602,8.86572425296994
2025-09-12,Golden Gate Park,3.0,0.0,6.86572425296994
2025-09-13,Golden Gate Park,9.0,5.13427574703006,12.86572425296994
2025-09-14,Golden Gate Park,4.0,0.13427574703006018,7.86572425296994
2025-09-15,Golden Gate Park,8.0,4.13427574703006,11.86572425296994
2025-09-16,Golden Gate Park,7.0,3.13427574703006,10.86572425296994
2025-08-18,Haight Ashbury,33.0,16.479448973408232,49.52055102659177
2025-08-19,Haight Ashbury,30.0,13.479448973408232,46.52055102659177
2025-08-20,Haight Ashbury,27.0,10.479448973408232,43.52055102659177
2025-08-21,Haight Ashbury,39.0,22.479448973408232,55.52055102659177
2025-08-22,Haight Ashbury,18.0,1.479448973408232,34.52055102659177
2025-08-23,Haight Ashbury,48.0,31.479448973408232,64.52055102659176
2025-08-24,Haight Ashbury,31.0,14.479448973408232,47.52055102659177
2025-08-25,Haight Ashbury,33.0,16.479448973408232,49.52055102659177
2025-08-26,Haight Ashbury,30.0,13.479448973408232,46.52055102659177
2025-08-27,Haight Ashbury,27.0,10.479448973408232,43.52055102659177
2025-08-28,Haight Ashbury,39.0,22.479448973408232,55.52055102659177
2025-08-29,Haight Ashbury,18.0,1.479448973408232,34.52055102659177
2025-08-30,Haight Ashbury,48.0,31.479448973408232,64.52055102659176
2025-08-31,Haight Ashbury,31.0,14.479448973408232,47.52055102659177
2025-09-01,Haight Ashbury,33.0,16.479448973408232,49.52055102659177
2025-09-02,Haight Ashbury,30.0,13.479448973408232,46.52055102659177
2025-09-03,Haight Ashbury,27.0,10.479448973408232,43.52055102659177
2025-09-04,Haight Ashbury,39.0,22.479448973408232,55.52055102659177
2025-09-05,Haight Ashbury,18.0,1.479448973408232,34.52055102659177
2025-09-06,Haight Ashbury,48.0,31.479448973408232,64.52055102659176
2025-09-07,Haight Ashbury,31.0,14.479448973408232,47.52055102659177
2025-09-08,Haight Ashbury,33.0,16.479448973408232,49.52055102659177
2025-09-09,Haight Ashbury,30.0,13.479448973408232,46.52055102659177
2025-09-10,Haight Ashbury,27.0,10.479448973408232,43.52055102659177
2025-09-11,Haight Ashbury,39.0,22.479448973408232,55.52055102659177
2025-09-12,Haight Ashbury,18.0,1.479448973408232,34.52055102659177
2025-09-13,Haight Ashbury,48.0,31.479448973408232,64.52055102659176
2025-09-14,Haight Ashbury,31.0,14.479448973408232,47.52055102659177
2025-09-15,Haight Ashbury,33.0,16.479448973408232,49.52055102659177
2025-09-16,Haight Ashbury,30.0,13.479448973408232,46.52055102659177
2025-08-18,Hayes Valley,67.0,40.48367969218454,93.51632030781546
2025-08-19,Hayes Valley,73.0,46.48367969218454,99.51632030781546
2025-08-20,Hayes Valley,49.0,22.483679692184538,75.51632030781546
2025-08-21,Hayes Valley,52.0,25.483679692184538,78.51632030781546
2025-08-22,Hayes Valley,38.0,11.483679692184538,64.51632030781546
2025-08-23,Hayes Valley,48.0,21.483679692184538,74.51632030781546
2025-08-24,Hayes Valley,34.0,7.483679692184538,60.51632030781546
2025-08-25,Hayes Valley,67.0,40.48367969218454,93.51632030781546
2025-08-26,Hayes Valley,73.0,46.48367969218454,99.51632030781546
2025-08-27,Hayes Valley,49.0,22.483679692184538,75.51632030781546
2025-08-28,Hayes Valley,52.0,25.483679692184538,78.51632030781546
2025-08-29,Hayes Valley,38.0,11.483679692184538,64.51632030781546
2025-08-30,Hayes Valley,48.0,21.483679692184538,74.51632030781546
2025-08-31,Hayes Valley,34.0,7.483679692184538,60.51632030781546
2025-09-01,Hayes Valley,67.0,40.48367969218454,93.51632030781546
2025-09-02,Hayes Valley,73.0,46.48367969218454,99.51632030781546
2025-09-03,Hayes Valley,49.0,22.483679692184538,75.51632030781546
2025-09-04,Hayes Valley,52.0,25.483679692184538,78.51632030781546
2025-09-05,Hayes Valley,38.0,11.483679692184538,64.51632030781546
2025-09-06,Hayes Valley,48.0,21.483679692184538,74.51632030781546
2025-09-07,Hayes Valley,34.0,7.483679692184538,60.51632030781546
2025-09-08,Hayes Valley,67.0,40.48367969218454,93.51632030781546
2025-09-09,Hayes Valley,73.0,46.48367969218454,99.51632030781546
2025-09-10,Hayes Valley,49.0,22.483679692184538,75.51632030781546
2025-09-11,Hayes Valley,52.0,25.483679692184538,78.51632030781546
2025-09-12,Hayes Valley,38.0,11.483679692184538,64.51632030781546
2025-09-13,Hayes Valley,48.0,21.483679692184538,74.51632030781546
2025-09-14,Hayes Valley,34.0,7.483679692184538,60.51632030781546
2025-09-15,Hayes Valley,67.0,40.48367969218454,93.51632030781546
2025-09-16,Hayes Valley,73.0,46.48367969218454,99.51632030781546
2025-08-18,Inner Richmond,21.0,12.481575523868539,29.51842447613146
2025-08-19,Inner Richmond,17.0,8.481575523868539,25.51842447613146
2025-08-20,Inner Richmond,21.0,12.481575523868539,29.51842447613146
2025-08-21,Inner Richmond,22.0,13.481575523868539,30.51842447613146
2025-08-22,Inner Richmond,23.0,14.481575523868539,31.51842447613146
2025-08-23,Inner Richmond,24.0,15.481575523868539,32.51842447613146
2025-08-24,Inner Richmond,10.0,1.481575523868539,18.51842447613146
2025-08-25,Inner Richmond,21.0,12.481575523868539,29.51842447613146
2025-08-26,Inner Richmond,17.0,8.481575523868539,25.51842447613146
2025-08-27,Inner Richmond,21.0,12.481575523868539,29.51842447613146
2025-08-28,Inner Richmond,22.0,13.481575523868539,30.51842447613146
2025-08-29,Inner Richmond,23.0,14.481575523868539,31.51842447613146
2025-08-30,Inner Richmond,24.0,15.481575523868539,32.51842447613146
2025-08-31,Inner Richmond,10.0,1.481575523868539,18.51842447613146
2025-09-01,Inner Richmond,21.0,12.481575523868539,29.51842447613146
2025-09-02,Inner Richmond,17.0,8.481575523868539,25.51842447613146
2025-09-03,Inner Richmond,21.0,12.481575523868539,29.51842447613146
2025-09-04,Inner Richmond,22.0,13.481575523868539,30.51842447613146
2025-09-05,Inner Richmond,23.0,14.481575523868539,31.51842447613146
2025-09-06,Inner Richmond,24.0,15.481575523868539,32.51842447613146
2025-09-07,Inner Richmond,10.0,1.481575523868539,18.51842447613146
2025-09-08,Inner Richmond,21.0,12.481575523868539,29.51842447613146
2025-09-09,Inner Richmond,17.0,8.481575523868539,25.51842447613146
2025-09-10,Inner Richmond,21.0,12.481575523868539,29.51842447613146
2025-09-11,Inner Richmond,22.0,13.481575523868539,30.51842447613146
2025-09-12,Inner Richmond,23.0,14.481575523868539,31.51842447613146
2025-09-13,Inner Richmond,24.0,15.481575523868539,32.51842447613146
2025-09-14,Inner Richmond,10.0,1.481575523868539,18.51842447613146
2025-09-15,Inner Richmond,21.0,12.481575523868539,29.51842447613146
2025-09-16,Inner Richmond,17.0,8.481575523868539,25.51842447613146
2025-08-18,Inner Sunset,25.0,15.335082089214508,34.66491791078549
2025-08-19,Inner Sunset,19.0,9.335082089214508,28.66491791078549
2025-08-20,Inner Sunset,14.0,4.335082089214508,23.66491791078549
2025-08-21,Inner Sunset,11.0,1.3350820892145077,20.66491791078549
2025-08-22,Inner Sunset,14.0,4.335082089214508,23.66491791078549
2025-08-23,Inner Sunset,17.0,7.335082089214508,26.66491791078549
2025-08-24,Inner Sunset,10.0,0.33508208921450766,19.66491791078549
2025-08-25,Inner Sunset,25.0,15.335082089214508,34.66491791078549
2025-08-26,Inner Sunset,19.0,9.335082089214508,28.66491791078549
2025-08-27,Inner Sunset,14.0,4.335082089214508,23.66491791078549
2025-08-28,Inner Sunset,11.0,1.3350820892145077,20.66491791078549
2025-08-29,Inner Sunset,14.0,4.335082089214508,23.66491791078549
2025-08-30,Inner Sunset,17.0,7.335082089214508,26.66491791078549
2025-08-31,Inner Sunset,10.0,0.33508208921450766,19.66491791078549
2025-09-01,Inner Sunset,25.0,15.335082089214508,34.66491791078549
2025-09-02,Inner Sunset,19.0,9.335082089214508,28.66491791078549
2025-09-03,Inner Sunset,14.0,4.335082089214508,23.66491791078549
2025-09-04,Inner Sunset,11.0,1.3350820892145077,20.66491791078549
2025-09-05,Inner Sunset,14.0,4.335082089214508,23.66491791078549
2025-09-06,Inner Sunset,17.0,7.335082089214508,26.66491791078549
2025-09-07,Inner Sunset,10.0,0.33508208921450766,19.66491791078549
2025-09-08,Inner Sunset,25.0,15.335082089214508,34.66491791078549
2025-09-09,Inner Sunset,19.0,9.335082089214508,28.66491791078549
2025-09-10,Inner Sunset,14.0,4.335082089214508,23.66491791078549
2025-09-11,Inner Sunset,11.0,1.3350820892145077,20.66491791078549
2025-09-12,Inner Sunset,14.0,4.335082089214508,23.66491791078549
2025-09-13,Inner Sunset,17.0,7.335082089214508,26.66491791078549
2025-09-14,Inner Sunset,10.0,0.33508208921450766,19.66491791078549
2025-09-15,Inner Sunset,25.0,15.335082089214508,34.66491791078549
2025-09-16,Inner Sunset,19.0,9.335082089214508,28.66491791078549
2025-08-18,Marina,53.0,24.055858577828452,81.94414142217155
2025-08-19,Marina,12.0,0.0,40.94414142217155
2025-08-20,Marina,17.0,0.0,45.94414142217155
2025-08-21,Marina,25.0,0.0,53.94414142217155
2025-08-22,Marina,42.0,13.055858577828452,70.94414142217155
2025-08-23,Marina,18.0,0.0,46.94414142217155
2025-08-24,Marina,17.0,0.0,45.94414142217155
2025-08-25,Marina,53.0,24.055858577828452,81.94414142217155
2025-08-26,Marina,12.0,0.0,40.94414142217155
2025-08-27,Marina,17.0,0.0,45.94414142217155
2025-08-28,Marina,25.0,0.0,53.94414142217155
2025-08-29,Marina,42.0,13.055858577828452,70.94414142217155
2025-08-30,Marina,18.0,0.0,46.94414142217155
2025-08-31,Marina,17.0,0.0,45.94414142217155
2025-09-01,Marina,53.0,24.055858577828452,81.94414142217155
2025-09-02,Marina,12.0,0.0,40.94414142217155
2025-09-03,Marina,17.0,0.0,45.94414142217155
2025-09-04,Marina,25.0,0.0,53.94414142217155
2025-09-05,Marina,42.0,13.055858577828452,70.94414142217155
2025-09-06,Marina,18.0,0.0,46.94414142217155
2025-09-07,Marina,17.0,0.0,45.94414142217155
2025-09-08,Marina,53.0,24.055858577828452,81.94414142217155
2025-09-09,Marina,12.0,0.0,40.94414142217155
2025-09-10,Marina,17.0,0.0,45.94414142217155
2025-09-11,Marina,25.0,0.0,53.94414142217155
2025-09-12,Marina,42.0,13.055858577828452,70.94414142217155
2025-09-13,Marina,18.0,0.0,46.94414142217155
2025-09-14,Marina,17.0,0.0,45.94414142217155
2025-09-15,Marina,53.0,24.055858577828452,81.94414142217155
2025-09-16,Marina,12.0,0.0,40.94414142217155
2025-08-18,Mission,310.0,196.60113076009583,423.3988692399042
2025-08-19,Mission,164.0,50.60113076009581,277.3988692399042
2025-08-20,Mission,185.0,71.60113076009581,298.3988692399042
2025-08-21,Mission,194.0,80.60113076009581,307.3988692399042
2025-08-22,Mission,204.0,90.60113076009581,317.3988692399042
2025-08-23,Mission,127.0,13.601130760095813,240.39886923990417
2025-08-24,Mission,144.0,30.601130760095813,257.3988692399042
2025-08-25,Mission,310.0,196.60113076009583,423.3988692399042
2025-08-26,Mission,164.0,50.60113076009581,277.3988692399042
2025-08-27,Mission,185.0,71.60113076009581,298.3988692399042
2025-08-28,Mission,194.0,80.60113076009581,307.3988692399042
2025-08-29,Mission,204.0,90.60113076009581,317.3988692399042
2025-08-30,Mission,127.0,13.601130760095813,240.39886923990417
2025-08-31,Mission,144.0,30.601130760095813,257.3988692399042
2025-09-01,Mission,310.0,196.60113076009583,423.3988692399042
2025-09-02,Mission,164.0,50.60113076009581,277.3988692399042
2025-09-03,Mission,185.0,71.60113076009581,298.3988692399042
2025-09-04,Mission,194.0,80.60113076009581,307.3988692399042
2025-09-05,Mission,204.0,90.60113076009581,317.3988692399042
2025-09-06,Mission,127.0,13.601130760095813,240.39886923990417
2025-09-07,Mission,144.0,30.601130760095813,257.3988692399042
2025-09-08,Mission,310.0,196.60113076009583,423.3988692399042
2025-09-09,Mission,164.0,50.60113076009581,277.3988692399042
2025-09-10,Mission,185.0,71.60113076009581,298.3988692399042
2025-09-11,Mission,194.0,80.60113076009581,307.3988692399042
2025-09-12,Mission,204.0,90.60113076009581,317.3988692399042
2025-09-13,Mission,127.0,13.601130760095813,240.39886923990417
2025-09-14,Mission,144.0,30.601130760095813,257.3988692399042
2025-09-15,Mission,310.0,196.60113076009583,423.3988692399042
2025-09-16,Mission,164.0,50.60113076009581,277.3988692399042
2025-08-18,Noe Valley,19.0,10.556061582413097,27.443938417586903
2025-08-19,Noe Valley,15.0,6.556061582413097,23.443938417586903
2025-08-20,Noe Valley,14.0,5.556061582413097,22.443938417586903
2025-08-21,Noe Valley,6.0,0.0,14.443938417586903
2025-08-22,Noe Valley,11.0,2.556061582413097,19.443938417586903
2025-08-23,Noe Valley,7.0,0.0,15.443938417586903
2025-08-24,Noe Valley,11.0,2.556061582413097,19.443938417586903
2025-08-25,Noe Valley,19.0,10.556061582413097,27.443938417586903
2025-08-26,Noe Valley,15.0,6.556061582413097,23.443938417586903
2025-08-27,Noe Valley,14.0,5.556061582413097,22.443938417586903
2025-08-28,Noe Valley,6.0,0.0,14.443938417586903
2025-08-29,Noe Valley,11.0,2.556061582413097,19.443938417586903
2025-08-30,Noe Valley,7.0,0.0,15.443938417586903
2025-08-31,Noe Valley,11.0,2.556061582413097,19.443938417586903
2025-09-01,Noe Valley,19.0,10.556061582413097,27.443938417586903
2025-09-02,Noe Valley,15.0,6.556061582413097,23.443938417586903
2025-09-03,Noe Valley,14.0,5.556061582413097,22.443938417586903
2025-09-04,Noe Valley,6.0,0.0,14.443938417586903
2025-09-05,Noe Valley,11.0,2.556061582413097,19.443938417586903
2025-09-06,Noe Valley,7.0,0.0,15.443938417586903
2025-09-07,Noe Valley,11.0,2.556061582413097,19.443938417586903
2025-09-08,Noe Valley,19.0,10.556061582413097,27.443938417586903
2025-09-09,Noe Valley,15.0,6.556061582413097,23.443938417586903
2025-09-10,Noe Valley,14.0,5.556061582413097,22.443938417586903
2025-09-11,Noe Valley,6.0,0.0,14.443938417586903
2025-09-12,Noe Valley,11.0,2.556061582413097,19.443938417586903
2025-09-13,Noe Valley,7.0,0.0,15.443938417586903
2025-09-14,Noe Valley,11.0,2.556061582413097,19.443938417586903
2025-09-15,Noe Valley,19.0,10.556061582413097,27.443938417586903
2025-09-16,Noe Valley,15.0,6.556061582413097,23.443938417586903
2025-08-18,Outer Mission,20.0,5.161420613070057,34.83857938692994
2025-08-19,Outer Mission,16.0,1.1614206130700566,30.838579386929943
2025-08-20,Outer Mission,34.0,19.161420613070057,48.83857938692994
2025-08-21,Outer Mission,30.0,15.161420613070057,44.83857938692994
2025-08-22,Outer Mission,13.0,0.0,27.838579386929943
2025-08-23,Outer Mission,16.0,1.1614206130700566,30.838579386929943
2025-08-24,Outer Mission,13.0,0.0,27.838579386929943
2025-08-25,Outer Mission,20.0,5.161420613070057,34.83857938692994
2025-08-26,Outer Mission,16.0,1.1614206130700566,30.838579386929943
2025-08-27,Outer Mission,34.0,19.161420613070057,48.83857938692994
2025-08-28,Outer Mission,30.0,15.161420613070057,44.83857938692994
2025-08-29,Outer Mission,13.0,0.0,27.838579386929943
2025-08-30,Outer Mission,16.0,1.1614206130700566,30.838579386929943
2025-08-31,Outer Mission,13.0,0.0,27.838579386929943
2025-09-01,Outer Mission,20.0,5.161420613070057,34.83857938692994
2025-09-02,Outer Mission,16.0,1.1614206130700566,30.838579386929943
2025-09-03,Outer Mission,34.0,19.161420613070057,48.83857938692994
2025-09-04,Outer Mission,30.0,15.161420613070057,44.83857938692994
2025-09-05,Outer Mission,13.0,0.0,27.838579386929943
2025-09-06,Outer Mission,16.0,1.1614206130700566,30.838579386929943
2025-09-07,Outer Mission,13.0,0.0,27.838579386929943
2025-09-08,Outer Mission,20.0,5.161420613070057,34.83857938692994
2025-09-09,Outer Mission,16.0,1.1614206130700566,30.838579386929943
2025-09-10,Outer Mission,34.0,19.161420613070057,48.83857938692994
2025-09-11,Outer Mission,30.0,15.161420613070057,44.83857938692994
2025-09-12,Outer Mission,13.0,0.0,27.838579386929943
2025-09-13,Outer Mission,16.0,1.1614206130700566,30.838579386929943
2025-09-14,Outer Mission,13.0,0.0,27.838579386929943
2025-09-15,Outer Mission,20.0,5.161420613070057,34.83857938692994
2025-09-16,Outer Mission,16.0,1.1614206130700566,30.838579386929943
2025-08-18,Outer Richmond,33.0,13.138129393231864,52.861870606768136
2025-08-19,Outer Richmond,38.0,18.138129393231864,57.861870606768136
2025-08-20,Outer Richmond,40.0,20.138129393231864,59.861870606768136
2025-08-21,Outer Richmond,58.0,38.138129393231864,77.86187060676814
2025-08-22,Outer Richmond,56.0,36.138129393231864,75.86187060676814
2025-08-23,Outer Richmond,49.0,29.138129393231864,68.86187060676814
2025-08-24,Outer Richmond,60.0,40.138129393231864,79.86187060676814
2025-08-25,Outer Richmond,33.0,13.138129393231864,52.861870606768136
2025-08-26,Outer Richmond,38.0,18.138129393231864,57.861870606768136
2025-08-27,Outer Richmond,40.0,20.138129393231864,59.861870606768136
2025-08-28,Outer Richmond,58.0,38.138129393231864,77.86187060676814
2025-08-29,Outer Richmond,56.0,36.138129393231864,75.86187060676814
2025-08-30,Outer Richmond,49.0,29.138129393231864,68.86187060676814
2025-08-31,Outer Richmond,60.0,40.138129393231864,79.86187060676814
2025-09-01,Outer Richmond,33.0,13.138129393231864,52.861870606768136
2025-09-02,Outer Richmond,38.0,18.138129393231864,57.861870606768136
2025-09-03,Outer Richmond,40.0,20.138129393231864,59.861870606768136
2025-09-04,Outer Richmond,58.0,38.138129393231864,77.86187060676814
2025-09-05,Outer Richmond,56.0,36.138129393231864,75.86187060676814
2025-09-06,Outer Richmond,49.0,29.138129393231864,68.86187060676814
2025-09-07,Outer Richmond,60.0,40.138129393231864,79.86187060676814
2025-09-08,Outer Richmond,33.0,13.138129393231864,52.861870606768136
2025-09-09,Outer Richmond,38.0,18.138129393231864,57.861870606768136
2025-09-10,Outer Richmond,40.0,20.138129393231864,59.861870606768136
2025-09-11,Outer Richmond,58.0,38.138129393231864,77.86187060676814
2025-09-12,Outer Richmond,56.0,36.138129393231864,75.86187060676814
2025-09-13,Outer Richmond,49.0,29.138129393231864,68.86187060676814
2025-09-14,Outer Richmond,60.0,40.138129393231864,79.86187060676814
2025-09-15,Outer Richmond,33.0,13.138129393231864,52.861870606768136
2025-09-16,Outer Richmond,38.0,18.138129393231864,57.861870606768136
2025-08-18,Pacific Heights,32.0,16.82127945664282,47.17872054335718
2025-08-19,Pacific Heights,16.0,0.8212794566428183,31.17872054335718
2025-08-20,Pacific Heights,31.0,15.821279456642818,46.17872054335718
2025-08-21,Pacific Heights,30.0,14.821279456642818,45.17872054335718
2025-08-22,Pacific Heights,18.0,2.8212794566428183,33.17872054335718
2025-08-23,Pacific Heights,31.0,15.821279456642818,46.17872054335718
2025-08-24,Pacific Heights,13.0,0.0,28.17872054335718
2025-08-25,Pacific Heights,32.0,16.82127945664282,47.17872054335718
2025-08-26,Pacific Heights,16.0,0.8212794566428183,31.17872054335718
2025-08-27,Pacific Heights,31.0,15.821279456642818,46.17872054335718
2025-08-28,Pacific Heights,30.0,14.821279456642818,45.17872054335718
2025-08-29,Pacific Heights,18.0,2.8212794566428183,33.17872054335718
2025-08-30,Pacific Heights,31.0,15.821279456642818,46.17872054335718
2025-08-31,Pacific Heights,13.0,0.0,28.17872054335718
2025-09-01,Pacific Heights,32.0,16.82127945664282,47.17872054335718
2025-09-02,Pacific Heights,16.0,0.8212794566428183,31.17872054335718
2025-09-03,Pacific Heights,31.0,15.821279456642818,46.17872054335718
2025-09-04,Pacific Heights,30.0,14.821279456642818,45.17872054335718
2025-09-05,Pacific Heights,18.0,2.8212794566428183,33.17872054335718
2025-09-06,Pacific Heights,31.0,15.821279456642818,46.17872054335718
2025-09-07,Pacific Heights,13.0,0.0,28.17872054335718
2025-09-08,Pacific Heights,32.0,16.82127945664282,47.17872054335718
2025-09-09,Pacific Heights,16.0,0.8212794566428183,31.17872054335718
2025-09-10,Pacific Heights,31.0,15.821279456642818,46.17872054335718
2025-09-11,Pacific Heights,30.0,14.821279456642818,45.17872054335718
2025-09-12,Pacific Heights,18.0,2.8212794566428183,33.17872054335718
2025-09-13,Pacific Heights,31.0,15.821279456642818,46.17872054335718
2025-09-14,Pacific Heights,13.0,0.0,28.17872054335718
2025-09-15,Pacific Heights,32.0,16.82127945664282,47.17872054335718
2025-09-16,Pacific Heights,16.0,0.8212794566428183,31.17872054335718
2025-08-18,Presidio Heights,13.0,5.836832358050898,20.1631676419491
2025-08-19,Presidio Heights,8.0,0.8368323580508976,15.163167641949101
2025-08-20,Presidio Heights,8.0,0.8368323580508976,15.163167641949101
2025-08-21,Presidio Heights,12.0,4.836832358050898,19.1631676419491
2025-08-22,Presidio Heights,4.0,0.0,11.163167641949101
2025-08-23,Presidio Heights,7.0,0.0,14.163167641949101
2025-08-24,Presidio Heights,2.0,0.0,9.163167641949101
2025-08-25,Presidio Heights,13.0,5.836832358050898,20.1631676419491
2025-08-26,Presidio Heights,8.0,0.8368323580508976,15.163167641949101
2025-08-27,Presidio Heights,8.0,0.8368323580508976,15.163167641949101
2025-08-28,Presidio Heights,12.0,4.836832358050898,19.1631676419491
2025-08-29,Presidio Heights,4.0,0.0,11.163167641949101
2025-08-30,Presidio Heights,7.0,0.0,14.163167641949101
2025-08-31,Presidio Heights,2.0,0.0,9.163167641949101
2025-09-01,Presidio Heights,13.0,5.836832358050898,20.1631676419491
2025-09-02,Presidio Heights,8.0,0.8368323580508976,15.163167641949101
2025-09-03,Presidio Heights,8.0,0.8368323580508976,15.163167641949101
2025-09-04,Presidio Heights,12.0,4.836832358050898,19.1631676419491
2025-09-05,Presidio Heights,4.0,0.0,11.163167641949101
2025-09-06,Presidio Heights,7.0,0.0,14.163167641949101
2025-09-07,Presidio Heights,2.0,0.0,9.163167641949101
2025-09-08,Presidio Heights,13.0,5.836832358050898,20.1631676419491
2025-09-09,Presidio Heights,8.0,0.8368323580508976,15.163167641949101
2025-09-10,Presidio Heights,8.0,0.8368323580508976,15.163167641949101
2025-09-11,Presidio Heights,12.0,4.836832358050898,19.1631676419491
2025-09-12,Presidio Heights,4.0,0.0,11.163167641949101
2025-09-13,Presidio Heights,7.0,0.0,14.163167641949101
2025-09-14,Presidio Heights,2.0,0.0,9.163167641949101
2025-09-15,Presidio Heights,13.0,5.836832358050898,20.1631676419491
2025-09-16,Presidio Heights,8.0,0.8368323580508976,15.163167641949101
2025-08-18,Russian Hill,29.0,18.652346696526365,39.347653303473635
2025-08-19,Russian Hill,22.0,11.652346696526363,32.347653303473635
2025-08-20,Russian Hill,36.0,25.652346696526365,46.347653303473635
2025-08-21,Russian Hill,26.0,15.652346696526363,36.347653303473635
2025-08-22,Russian Hill,23.0,12.652346696526363,33.347653303473635
2025-08-23,Russian Hill,19.0,8.652346696526363,29.347653303473635
2025-08-24,Russian Hill,21.0,10.652346696526363,31.347653303473635
2025-08-25,Russian Hill,29.0,18.652346696526365,39.347653303473635
2025-08-26,Russian Hill,22.0,11.652346696526363,32.347653303473635
2025-08-27,Russian Hill,36.0,25.652346696526365,46.347653303473635
2025-08-28,Russian Hill,26.0,15.652346696526363,36.347653303473635
2025-08-29,Russian Hill,23.0,12.652346696526363,33.347653303473635
2025-08-30,Russian Hill,19.0,8.652346696526363,29.347653303473635
2025-08-31,Russian Hill,21.0,10.652346696526363,31.347653303473635
2025-09-01,Russian Hill,29.0,18.652346696526365,39.347653303473635
2025-09-02,Russian Hill,22.0,11.652346696526363,32.347653303473635
2025-09-03,Russian Hill,36.0,25.652346696526365,46.347653303473635
2025-09-04,Russian Hill,26.0,15.652346696526363,36.347653303473635
2025-09-05,Russian Hill,23.0,12.652346696526363,33.347653303473635
2025-09-06,Russian Hill,19.0,8.652346696526363,29.347653303473635
2025-09-07,Russian Hill,21.0,10.652346696526363,31.347653303473635
2025-09-08,Russian Hill,29.0,18.652346696526365,39.347653303473635
2025-09-09,Russian Hill,22.0,11.652346696526363,32.347653303473635
2025-09-10,Russian Hill,36.0,25.652346696526365,46.347653303473635
2025-09-11,Russian Hill,26.0,15.652346696526363,36.347653303473635
2025-09-12,Russian Hill,23.0,12.652346696526363,33.347653303473635
2025-09-13,Russian Hill,19.0,8.652346696526363,29.347653303473635
2025-09-14,Russian Hill,21.0,10.652346696526363,31.347653303473635
2025-09-15,Russian Hill,29.0,18.652346696526365,39.347653303473635
2025-09-16,Russian Hill,22.0,11.652346696526363,32.347653303473635
2025-08-18,South Of Market,61.0,31.88588029456803,90.11411970543197
2025-08-19,South Of Market,80.0,50.885880294568025,109.11411970543197
2025-08-20,South Of Market,96.0,66.88588029456803,125.11411970543197
2025-08-21,South Of Market,69.0,39.885880294568025,98.11411970543197
2025-08-22,South Of Market,75.0,45.885880294568025,104.11411970543197
2025-08-23,South Of Market,70.0,40.885880294568025,99.11411970543197
2025-08-24,South Of Market,43.0,13.885880294568029,72.11411970543197
2025-08-25,South Of Market,61.0,31.88588029456803,90.11411970543197
2025-08-26,South Of Market,80.0,50.885880294568025,109.11411970543197
2025-08-27,South Of Market,96.0,66.88588029456803,125.11411970543197
2025-08-28,South Of Market,69.0,39.885880294568025,98.11411970543197
2025-08-29,South Of Market,75.0,45.885880294568025,104.11411970543197
2025-08-30,South Of Market,70.0,40.885880294568025,99.11411970543197
2025-08-31,South Of Market,43.0,13.885880294568029,72.11411970543197
2025-09-01,South Of Market,61.0,31.88588029456803,90.11411970543197
2025-09-02,South Of Market,80.0,50.885880294568025,109.11411970543197
2025-09-03,South Of Market,96.0,66.88588029456803,125.11411970543197
2025-09-04,South Of Market,69.0,39.885880294568025,98.11411970543197
2025-09-05,South Of Market,75.0,45.885880294568025,104.11411970543197
2025-09-06,South Of Market,70.0,40.885880294568025,99.11411970543197
2025-09-07,South Of Market,43.0,13.885880294568029,72.11411970543197
2025-09-08,South Of Market,61.0,31.88588029456803,90.11411970543197
2025-09-09,South Of Market,80.0,50.885880294568025,109.11411970543197
2025-09-10,South Of Market,96.0,66.88588029456803,125.11411970543197
2025-09-11,South Of Market,69.0,39.885880294568025,98.11411970543197
2025-09-12,South Of Market,75.0,45.885880294568025,104.11411970543197
2025-09-13,South Of Market,70.0,40.885880294568025,99.11411970543197
2025-09-14,South Of Market,43.0,13.885880294568029,72.11411970543197
2025-09-15,South Of Market,61.0,31.88588029456803,90.11411970543197
2025-09-16,South Of Market,80.0,50.885880294568025,109.11411970543197
2025-08-18,Sunset/Parkside,42.0,26.36307026441714,57.63692973558286
2025-08-19,Sunset/Parkside,32.0,16.36307026441714,47.63692973558286
2025-08-20,Sunset/Parkside,38.0,22.36307026441714,53.63692973558286
2025-08-21,Sunset/Parkside,31.0,15.363070264417138,46.63692973558286
2025-08-22,Sunset/Parkside,29.0,13.363070264417138,44.63692973558286
2025-08-23,Sunset/Parkside,32.0,16.36307026441714,47.63692973558286
2025-08-24,Sunset/Parkside,54.0,38.36307026441714,69.63692973558287
2025-08-25,Sunset/Parkside,42.0,26.36307026441714,57.63692973558286
2025-08-26,Sunset/Parkside,32.0,16.36307026441714,47.63692973558286
2025-08-27,Sunset/Parkside,38.0,22.36307026441714,53.63692973558286
2025-08-28,Sunset/Parkside,31.0,15.363070264417138,46.63692973558286
2025-08-29,Sunset/Parkside,29.0,13.363070264417138,44.63692973558286
2025-08-30,Sunset/Parkside,32.0,16.36307026441714,47.63692973558286
2025-08-31,Sunset/Parkside,54.0,38.36307026441714,69.63692973558287
2025-09-01,Sunset/Parkside,42.0,26.36307026441714,57.63692973558286
2025-09-02,Sunset/Parkside,32.0,16.36307026441714,47.63692973558286
2025-09-03,Sunset/Parkside,38.0,22.36307026441714,53.63692973558286
2025-09-04,Sunset/Parkside,31.0,15.363070264417138,46.63692973558286
2025-09-05,Sunset/Parkside,29.0,13.363070264417138,44.63692973558286
2025-09-06,Sunset/Parkside,32.0,16.36307026441714,47.63692973558286
2025-09-07,Sunset/Parkside,54.0,38.36307026441714,69.63692973558287
2025-09-08,Sunset/Parkside,42.0,26.36307026441714,57.63692973558286
2025-09-09,Sunset/Parkside,32.0,16.36307026441714,47.63692973558286
2025-09-10,Sunset/Parkside,38.0,22.36307026441714,53.63692973558286
2025-09-11,Sunset/Parkside,31.0,15.363070264417138,46.63692973558286
2025-09-12,Sunset/Parkside,29.0,13.363070264417138,44.63692973558286
2025-09-13,Sunset/Parkside,32.0,16.36307026441714,47.63692973558286
2025-09-14,Sunset/Parkside,54.0,38.36307026441714,69.63692973558287
2025-09-15,Sunset/Parkside,42.0,26.36307026441714,57.63692973558286
2025-09-16,Sunset/Parkside,32.0,16.36307026441714,47.63692973558286
2025-08-18,Tenderloin,85.0,45.03110851897162,124.96889148102838
2025-08-19,Tenderloin,112.0,72.03110851897162,151.96889148102838
2025-08-20,Tenderloin,78.0,38.03110851897162,117.96889148102838
2025-08-21,Tenderloin,106.0,66.03110851897162,145.96889148102838
2025-08-22,Tenderloin,91.0,51.03110851897162,130.96889148102838
2025-08-23,Tenderloin,57.0,17.03110851897162,96.96889148102838
2025-08-24,Tenderloin,55.0,15.031108518971621,94.96889148102838
2025-08-25,Tenderloin,85.0,45.03110851897162,124.96889148102838
2025-08-26,Tenderloin,112.0,72.03110851897162,151.96889148102838
2025-08-27,Tenderloin,78.0,38.03110851897162,117.96889148102838
2025-08-28,Tenderloin,106.0,66.03110851897162,145.96889148102838
2025-08-29,Tenderloin,91.0,51.03110851897162,130.96889148102838
2025-08-30,Tenderloin,57.0,17.03110851897162,96.96889148102838
2025-08-31,Tenderloin,55.0,15.031108518971621,94.96889148102838
2025-09-01,Tenderloin,85.0,45.03110851897162,124.96889148102838
2025-09-02,Tenderloin,112.0,72.03110851897162,151.96889148102838
2025-09-03,Tenderloin,78.0,38.03110851897162,117.96889148102838
2025-09-04,Tenderloin,106.0,66.03110851897162,145.96889148102838
2025-09-05,Tenderloin,91.0,51.03110851897162,130.96889148102838
2025-09-06,Tenderloin,57.0,17.03110851897162,96.96889148102838
2025-09-07,Tenderloin,55.0,15.031108518971621,94.96889148102838
2025-09-08,Tenderloin,85.0,45.03110851897162,124.96889148102838
2025-09-09,Tenderloin,112.0,72.03110851897162,151.96889148102838
2025-09-10,Tenderloin,78.0,38.03110851897162,117.96889148102838
2025-09-11,Tenderloin,106.0,66.03110851897162,145.96889148102838
2025-09-12,Tenderloin,91.0,51.03110851897162,130.96889148102838
2025-09-13,Tenderloin,57.0,17.03110851897162,96.96889148102838
2025-09-14,Tenderloin,55.0,15.031108518971621,94.96889148102838
2025-09-15,Tenderloin,85.0,45.03110851897162,124.96889148102838
2025-09-16,Tenderloin,112.0,72.03110851897162,151.96889148102838
2025-08-18,Unknown,24.0,12.132329930062562,35.86767006993744
2025-08-19,Unknown,14.0,2.1323299300625624,25.86767006993744
2025-08-20,Unknown,15.0,3.1323299300625624,26.86767006993744
2025-08-21,Unknown,4.0,0.0,15.867670069937438
2025-08-22,Unknown,15.0,3.1323299300625624,26.86767006993744
2025-08-23,Unknown,8.0,0.0,19.86767006993744
2025-08-24,Unknown,10.0,0.0,21.86767006993744
2025-08-25,Unknown,24.0,12.132329930062562,35.86767006993744
2025-08-26,Unknown,14.0,2.1323299300625624,25.86767006993744
2025-08-27,Unknown,15.0,3.1323299300625624,26.86767006993744
2025-08-28,Unknown,4.0,0.0,15.867670069937438
2025-08-29,Unknown,15.0,3.1323299300625624,26.86767006993744
2025-08-30,Unknown,8.0,0.0,19.86767006993744
2025-08-31,Unknown,10.0,0.0,21.86767006993744
2025-09-01,Unknown,24.0,12.132329930062562,35.86767006993744
2025-09-02,Unknown,14.0,2.1323299300625624,25.86767006993744
2025-09-03,Unknown,15.0,3.1323299300625624,26.86767006993744
2025-09-04,Unknown,4.0,0.0,15.867670069937438
2025-09-05,Unknown,15.0,3.1323299300625624,26.86767006993744
2025-09-06,Unknown,8.0,0.0,19.86767006993744
2025-09-07,Unknown,10.0,0.0,21.86767006993744
2025-09-08,Unknown,24.0,12.132329930062562,35.86767006993744
2025-09-09,Unknown,14.0,2.1323299300625624,25.86767006993744
2025-09-10,Unknown,15.0,3.1323299300625624,26.86767006993744
2025-09-11,Unknown,4.0,0.0,15.867670069937438
2025-09-12,Unknown,15.0,3.1323299300625624,26.86767006993744
2025-09-13,Unknown,8.0,0.0,19.86767006993744
2025-09-14,Unknown,10.0,0.0,21.86767006993744
2025-09-15,Unknown,24.0,12.132329930062562,35.86767006993744
2025-09-16,Unknown,14.0,2.1323299300625624,25.86767006993744
2025-08-18,West Of Twin Peaks,23.0,16.163685333293806,29.836314666706194
2025-08-19,West Of Twin Peaks,20.0,13.163685333293806,26.836314666706194
2025-08-20,West Of Twin Peaks,16.0,9.163685333293806,22.836314666706194
2025-08-21,West Of Twin Peaks,12.0,5.163685333293807,18.836314666706194
2025-08-22,West Of Twin Peaks,15.0,8.163685333293806,21.836314666706194
2025-08-23,West Of Twin Peaks,16.0,9.163685333293806,22.836314666706194
2025-08-24,West Of Twin Peaks,15.0,8.163685333293806,21.836314666706194
2025-08-25,West Of Twin Peaks,23.0,16.163685333293806,29.836314666706194
2025-08-26,West Of Twin Peaks,20.0,13.163685333293806,26.836314666706194
2025-08-27,West Of Twin Peaks,16.0,9.163685333293806,22.836314666706194
2025-08-28,West Of Twin Peaks,12.0,5.163685333293807,18.836314666706194
2025-08-29,West Of Twin Peaks,15.0,8.163685333293806,21.836314666706194
2025-08-30,West Of Twin Peaks,16.0,9.163685333293806,22.836314666706194
2025-08-31,West Of Twin Peaks,15.0,8.163685333293806,21.836314666706194
2025-09-01,West Of Twin Peaks,23.0,16.163685333293806,29.836314666706194
2025-09-02,West Of Twin Peaks,20.0,13.163685333293806,26.836314666706194
2025-09-03,West Of Twin Peaks,16.0,9.163685333293806,22.836314666706194
2025-09-04,West Of Twin Peaks,12.0,5.163685333293807,18.836314666706194
2025-09-05,West Of Twin Peaks,15.0,8.163685333293806,21.836314666706194
2025-09-06,West Of Twin Peaks,16.0,9.163685333293806,22.836314666706194
2025-09-07,West Of Twin Peaks,15.0,8.163685333293806,21.836314666706194
2025-09-08,West Of Twin Peaks,23.0,16.163685333293806,29.836314666706194
2025-09-09,West Of Twin Peaks,20.0,13.163685333293806,26.836314666706194
2025-09-10,West Of Twin Peaks,16.0,9.163685333293806,22.836314666706194
2025-09-11,West Of Twin Peaks,12.0,5.163685333293807,18.836314666706194
2025-09-12,West Of Twin Peaks,15.0,8.163685333293806,21.836314666706194
2025-09-13,West Of Twin Peaks,16.0,9.163685333293806,22.836314666706194
2025-09-14,West Of Twin Peaks,15.0,8.163685333293806,21.836314666706194
2025-09-15,West Of Twin Peaks,23.0,16.163685333293806,29.836314666706194
2025-09-16,West Of Twin Peaks,20.0,13.163685333293806,26.836314666706194
2025-08-18,Western Addition,59.0,41.25372998189322,76.74627001810677
2025-08-19,Western Addition,40.0,22.253729981893223,57.74627001810678
2025-08-20,Western Addition,40.0,22.253729981893223,57.74627001810678
2025-08-21,Western Addition,50.0,32.25372998189322,67.74627001810677
2025-08-22,Western Addition,36.0,18.253729981893223,53.74627001810678
2025-08-23,Western Addition,33.0,15.253729981893223,50.74627001810678
2025-08-24,Western Addition,34.0,16.253729981893223,51.74627001810678
2025-08-25,Western Addition,59.0,41.25372998189322,76.74627001810677
2025-08-26,Western Addition,40.0,22.253729981893223,57.74627001810678
2025-08-27,Western Addition,40.0,22.253729981893223,57.74627001810678
2025-08-28,Western Addition,50.0,32.25372998189322,67.74627001810677
2025-08-29,Western Addition,36.0,18.253729981893223,53.74627001810678
2025-08-30,Western Addition,33.0,15.253729981893223,50.74627001810678
2025-08-31,Western Addition,34.0,16.253729981893223,51.74627001810678
2025-09-01,Western Addition,59.0,41.25372998189322,76.74627001810677
2025-09-02,Western Addition,40.0,22.253729981893223,57.74627001810678
2025-09-03,Western Addition,40.0,22.253729981893223,57.74627001810678
2025-09-04,Western Addition,50.0,32.25372998189322,67.74627001810677
2025-09-05,Western Addition,36.0,18.253729981893223,53.74627001810678
2025-09-06,Western Addition,33.0,15.253729981893223,50.74627001810678
2025-09-07,Western Addition,34.0,16.253729981893223,51.74627001810678
2025-09-08,Western Addition,59.0,41.25372998189322,76.74627001810677
2025-09-09,Western Addition,40.0,22.253729981893223,57.74627001810678
2025-09-10,Western Addition,40.0,22.253729981893223,57.74627001810678
2025-09-11,Western Addition,50.0,32.25372998189322,67.74627001810677
2025-09-12,Western Addition,36.0,18.253729981893223,53.74627001810678
2025-09-13,Western Addition,33.0,15.253729981893223,50.74627001810678
2025-09-14,Western Addition,34.0,16.253729981893223,51.74627001810678
2025-09-15,Western Addition,59.0,41.25372998189322,76.74627001810677
2025-09-16,Western Addition,40.0,22.253729981893223,57.74627001810678
2025-08-18,Chinatown,12.0,6.971454992854406,17.028545007145595
2025-08-19,Chinatown,14.0,8.971454992854406,19.028545007145595
2025-08-20,Chinatown,15.0,9.971454992854406,20.028545007145595
2025-08-21,Chinatown,17.0,11.971454992854406,22.028545007145595
2025-08-22,Chinatown,8.0,2.9714549928544063,13.028545007145594
2025-08-23,Chinatown,14.0,8.971454992854406,19.028545007145595
2025-08-24,Chinatown,12.0,6.971454992854406,17.028545007145595
2025-08-25,Chinatown,12.0,6.971454992854406,17.028545007145595
2025-08-26,Chinatown,14.0,8.971454992854406,19.028545007145595
2025-08-27,Chinatown,15.0,9.971454992854406,20.028545007145595
2025-08-28,Chinatown,17.0,11.971454992854406,22.028545007145595
2025-08-29,Chinatown,8.0,2.9714549928544063,13.028545007145594
2025-08-30,Chinatown,14.0,8.971454992854406,19.028545007145595
2025-08-31,Chinatown,12.0,6.971454992854406,17.028545007145595
2025-09-01,Chinatown,12.0,6.971454992854406,17.028545007145595
2025-09-02,Chinatown,14.0,8.971454992854406,19.028545007145595
2025-09-03,Chinatown,15.0,9.971454992854406,20.028545007145595
2025-09-04,Chinatown,17.0,11.971454992854406,22.028545007145595
2025-09-05,Chinatown,8.0,2.9714549928544063,13.028545007145594
2025-09-06,Chinatown,14.0,8.971454992854406,19.028545007145595
2025-09-07,Chinatown,12.0,6.971454992854406,17.028545007145595
2025-09-08,Chinatown,12.0,6.971454992854406,17.028545007145595
2025-09-09,Chinatown,14.0,8.971454992854406,19.028545007145595
2025-09-10,Chinatown,15.0,9.971454992854406,20.028545007145595
2025-09-11,Chinatown,17.0,11.971454992854406,22.028545007145595
2025-09-12,Chinatown,8.0,2.9714549928544063,13.028545007145594
2025-09-13,Chinatown,14.0,8.971454992854406,19.028545007145595
2025-09-14,Chinatown,12.0,6.971454992854406,17.028545007145595
2025-09-15,Chinatown,12.0,6.971454992854406,17.028545007145595
2025-09-16,Chinatown,14.0,8.971454992854406,19.028545007145595
2025-08-18,Glen Park,8.0,2.5557297805654224,13.444270219434578
2025-08-19,Glen Park,8.0,2.5557297805654224,13.444270219434578
2025-08-20,Glen Park,4.0,0.0,9.444270219434578
2025-08-21,Glen Park,3.0,0.0,8.444270219434578
2025-08-22,Glen Park,5.0,0.0,10.444270219434578
2025-08-23,Glen Park,1.0,0.0,6.444270219434578
2025-08-24,Glen Park,1.0,0.0,6.444270219434578
2025-08-25,Glen Park,8.0,2.5557297805654224,13.444270219434578
2025-08-26,Glen Park,8.0,2.5557297805654224,13.444270219434578
2025-08-27,Glen Park,4.0,0.0,9.444270219434578
2025-08-28,Glen Park,3.0,0.0,8.444270219434578
2025-08-29,Glen Park,5.0,0.0,10.444270219434578
2025-08-30,Glen Park,1.0,0.0,6.444270219434578
2025-08-31,Glen Park,1.0,0.0,6.444270219434578
2025-09-01,Glen Park,8.0,2.5557297805654224,13.444270219434578
2025-09-02,Glen Park,8.0,2.5557297805654224,13.444270219434578
2025-09-03,Glen Park,4.0,0.0,9.444270219434578
2025-09-04,Glen Park,3.0,0.0,8.444270219434578
2025-09-05,Glen Park,5.0,0.0,10.444270219434578
2025-09-06,Glen Park,1.0,0.0,6.444270219434578
2025-09-07,Glen Park,1.0,0.0,6.444270219434578
2025-09-08,Glen Park,8.0,2.5557297805654224,13.444270219434578
2025-09-09,Glen Park,8.0,2.5557297805654224,13.444270219434578
2025-09-10,Glen Park,4.0,0.0,9.444270219434578
2025-09-11,Glen Park,3.0,0.0,8.444270219434578
2025-09-12,Glen Park,5.0,0.0,10.444270219434578
2025-09-13,Glen Park,1.0,0.0,6.444270219434578
2025-09-14,Glen Park,1.0,0.0,6.444270219434578
2025-09-15,Glen Park,8.0,2.5557297805654224,13.444270219434578
2025-09-16,Glen Park,8.0,2.5557297805654224,13.444270219434578
2025-08-18,Japantown,8.0,3.755344065769288,12.244655934230712
2025-08-19,Japantown,7.0,2.755344065769288,11.244655934230712
2025-08-20,Japantown,7.0,2.755344065769288,11.244655934230712
2025-08-21,Japantown,10.0,5.755344065769288,14.244655934230712
2025-08-22,Japantown,11.0,6.755344065769288,15.244655934230712
2025-08-23,Japantown,10.0,5.755344065769288,14.244655934230712
2025-08-24,Japantown,4.0,0.0,8.244655934230712
2025-08-25,Japantown,8.0,3.755344065769288,12.244655934230712
2025-08-26,Japantown,7.0,2.755344065769288,11.244655934230712
2025-08-27,Japantown,7.0,2.755344065769288,11.244655934230712
2025-08-28,Japantown,10.0,5.755344065769288,14.244655934230712
2025-08-29,Japantown,11.0,6.755344065769288,15.244655934230712
2025-08-30,Japantown,10.0,5.755344065769288,14.244655934230712
2025-08-31,Japantown,4.0,0.0,8.244655934230712
2025-09-01,Japantown,8.0,3.755344065769288,12.244655934230712
2025-09-02,Japantown,7.0,2.755344065769288,11.244655934230712
2025-09-03,Japantown,7.0,2.755344065769288,11.244655934230712
2025-09-04,Japantown,10.0,5.755344065769288,14.244655934230712
2025-09-05,Japantown,11.0,6.755344065769288,15.244655934230712
2025-09-06,Japantown,10.0,5.755344065769288,14.244655934230712
2025-09-07,Japantown,4.0,0.0,8.244655934230712
2025-09-08,Japantown,8.0,3.755344065769288,12.244655934230712
2025-09-09,Japantown,7.0,2.755344065769288,11.244655934230712
2025-09-10,Japantown,7.0,2.755344065769288,11.244655934230712
2025-09-11,Japantown,10.0,5.755344065769288,14.244655934230712
2025-09-12,Japantown,11.0,6.755344065769288,15.244655934230712
2025-09-13,Japantown,10.0,5.755344065769288,14.244655934230712
2025-09-14,Japantown,4.0,0.0,8.244655934230712
2025-09-15,Japantown,8.0,3.755344065769288,12.244655934230712
2025-09-16,Japantown,7.0,2.755344065769288,11.244655934230712
2025-08-18,Lakeshore,2.0,0.0,4.596948636808634
2025-08-19,Lakeshore,4.0,1.403051363191366,6.596948636808634
2025-08-20,Lakeshore,0.0,0.0,2.596948636808634
2025-08-21,Lakeshore,2.0,0.0,4.596948636808634
2025-08-22,Lakeshore,1.0,0.0,3.596948636808634
2025-08-23,Lakeshore,0.0,0.0,2.596948636808634
2025-08-24,Lakeshore,2.0,0.0,4.596948636808634
2025-08-25,Lakeshore,2.0,0.0,4.596948636808634
2025-08-26,Lakeshore,4.0,1.403051363191366,6.596948636808634
2025-08-27,Lakeshore,0.0,0.0,2.596948636808634
2025-08-28,Lakeshore,2.0,0.0,4.596948636808634
2025-08-29,Lakeshore,1.0,0.0,3.596948636808634
2025-08-30,Lakeshore,0.0,0.0,2.596948636808634
2025-08-31,Lakeshore,2.0,0.0,4.596948636808634
2025-09-01,Lakeshore,2.0,0.0,4.596948636808634
2025-09-02,Lakeshore,4.0,1.403051363191366,6.596948636808634
2025-09-03,Lakeshore,0.0,0.0,2.596948636808634
2025-09-04,Lakeshore,2.0,0.0,4.596948636808634
2025-09-05,Lakeshore,1.0,0.0,3.596948636808634
2025-09-06,Lakeshore,0.0,0.0,2.596948636808634
2025-09-07,Lakeshore,2.0,0.0,4.596948636808634
2025-09-08,Lakeshore,2.0,0.0,4.596948636808634
2025-09-09,Lakeshore,4.0,1.403051363191366,6.596948636808634
2025-09-10,Lakeshore,0.0,0.0,2.596948636808634
2025-09-11,Lakeshore,2.0,0.0,4.596948636808634
2025-09-12,Lakeshore,1.0,0.0,3.596948636808634
2025-09-13,Lakeshore,0.0,0.0,2.596948636808634
2025-09-14,Lakeshore,2.0,0.0,4.596948636808634
2025-09-15,Lakeshore,2.0,0.0,4.596948636808634
2025-09-16,Lakeshore,4.0,1.403051363191366,6.596948636808634
2025-08-18,Lone Mountain/Usf,21.0,13.621092402439686,28.378907597560314
2025-08-19,Lone Mountain/Usf,23.0,15.621092402439686,30.378907597560314
2025-08-20,Lone Mountain/Usf,18.0,10.621092402439686,25.378907597560314
2025-08-21,Lone Mountain/Usf,13.0,5.621092402439685,20.378907597560314
2025-08-22,Lone Mountain/Usf,12.0,4.621092402439685,19.378907597560314
2025-08-23,Lone Mountain/Usf,18.0,10.621092402439686,25.378907597560314
2025-08-24,Lone Mountain/Usf,16.0,8.621092402439686,23.378907597560314
2025-08-25,Lone Mountain/Usf,21.0,13.621092402439686,28.378907597560314
2025-08-26,Lone Mountain/Usf,23.0,15.621092402439686,30.378907597560314
2025-08-27,Lone Mountain/Usf,18.0,10.621092402439686,25.378907597560314
2025-08-28,Lone Mountain/Usf,13.0,5.621092402439685,20.378907597560314
2025-08-29,Lone Mountain/Usf,12.0,4.621092402439685,19.378907597560314
2025-08-30,Lone Mountain/Usf,18.0,10.621092402439686,25.378907597560314
2025-08-31,Lone Mountain/Usf,16.0,8.621092402439686,23.378907597560314
2025-09-01,Lone Mountain/Usf,21.0,13.621092402439686,28.378907597560314
2025-09-02,Lone Mountain/Usf,23.0,15.621092402439686,30.378907597560314
2025-09-03,Lone Mountain/Usf,18.0,10.621092402439686,25.378907597560314
2025-09-04,Lone Mountain/Usf,13.0,5.621092402439685,20.378907597560314
2025-09-05,Lone Mountain/Usf,12.0,4.621092402439685,19.378907597560314
2025-09-06,Lone Mountain/Usf,18.0,10.621092402439686,25.378907597560314
2025-09-07,Lone Mountain/Usf,16.0,8.621092402439686,23.378907597560314
2025-09-08,Lone Mountain/Usf,21.0,13.621092402439686,28.378907597560314
2025-09-09,Lone Mountain/Usf,23.0,15.621092402439686,30.378907597560314
2025-09-10,Lone Mountain/Usf,18.0,10.621092402439686,25.378907597560314
2025-09-11,Lone Mountain/Usf,13.0,5.621092402439685,20.378907597560314
2025-09-12,Lone Mountain/Usf,12.0,4.621092402439685,19.378907597560314
2025-09-13,Lone Mountain/Usf,18.0,10.621092402439686,25.378907597560314
2025-09-14,Lone Mountain/Usf,16.0,8.621092402439686,23.378907597560314
2025-09-15,Lone Mountain/Usf,21.0,13.621092402439686,28.378907597560314
2025-09-16,Lone Mountain/Usf,23.0,15.621092402439686,30.378907597560314
2025-08-18,Mclaren Park,0.0,0.0,2.848563302594641
2025-08-19,Mclaren Park,1.0,0.0,3.848563302594641
2025-08-20,Mclaren Park,3.0,0.15143669740535914,5.848563302594641
2025-08-21,Mclaren Park,0.0,0.0,2.848563302594641
2025-08-22,Mclaren Park,0.0,0.0,2.848563302594641
2025-08-23,Mclaren Park,4.0,1.1514366974053591,6.848563302594641
2025-08-24,Mclaren Park,1.0,0.0,3.848563302594641
2025-08-25,Mclaren Park,0.0,0.0,2.848563302594641
2025-08-26,Mclaren Park,1.0,0.0,3.848563302594641
2025-08-27,Mclaren Park,3.0,0.15143669740535914,5.848563302594641
2025-08-28,Mclaren Park,0.0,0.0,2.848563302594641
2025-08-29,Mclaren Park,0.0,0.0,2.848563302594641
2025-08-30,Mclaren Park,4.0,1.1514366974053591,6.848563302594641
2025-08-31,Mclaren Park,1.0,0.0,3.848563302594641
2025-09-01,Mclaren Park,0.0,0.0,2.848563302594641
2025-09-02,Mclaren Park,1.0,0.0,3.848563302594641
2025-09-03,Mclaren Park,3.0,0.15143669740535914,5.848563302594641
2025-09-04,Mclaren Park,0.0,0.0,2.848563302594641
2025-09-05,Mclaren Park,0.0,0.0,2.848563302594641
2025-09-06,Mclaren Park,4.0,1.1514366974053591,6.848563302594641
2025-09-07,Mclaren Park,1.0,0.0,3.848563302594641
2025-09-08,Mclaren Park,0.0,0.0,2.848563302594641
2025-09-09,Mclaren Park,1.0,0.0,3.848563302594641
2025-09-10,Mclaren Park,3.0,0.15143669740535914,5.848563302594641
2025-09-11,Mclaren Park,0.0,0.0,2.848563302594641
2025-09-12,Mclaren Park,0.0,0.0,2.848563302594641
2025-09-13,Mclaren Park,4.0,1.1514366974053591,6.848563302594641
2025-09-14,Mclaren Park,1.0,0.0,3.848563302594641
2025-09-15,Mclaren Park,0.0,0.0,2.848563302594641
2025-09-16,Mclaren Park,1.0,0.0,3.848563302594641
2025-08-18,Mission Bay,13.0,2.9843765601491956,23.015623439850806
2025-08-19,Mission Bay,14.0,3.9843765601491956,24.015623439850806
2025-08-20,Mission Bay,24.0,13.984376560149196,34.015623439850806
2025-08-21,Mission Bay,9.0,0.0,19.015623439850806
2025-08-22,Mission Bay,9.0,0.0,19.015623439850806
2025-08-23,Mission Bay,14.0,3.9843765601491956,24.015623439850806
2025-08-24,Mission Bay,21.0,10.984376560149196,31.015623439850806
2025-08-25,Mission Bay,13.0,2.9843765601491956,23.015623439850806
2025-08-26,Mission Bay,14.0,3.9843765601491956,24.015623439850806
2025-08-27,Mission Bay,24.0,13.984376560149196,34.015623439850806
2025-08-28,Mission Bay,9.0,0.0,19.015623439850806
2025-08-29,Mission Bay,9.0,0.0,19.015623439850806
2025-08-30,Mission Bay,14.0,3.9843765601491956,24.015623439850806
2025-08-31,Mission Bay,21.0,10.984376560149196,31.015623439850806
2025-09-01,Mission Bay,13.0,2.9843765601491956,23.015623439850806
2025-09-02,Mission Bay,14.0,3.9843765601491956,24.015623439850806
2025-09-03,Mission Bay,24.0,13.984376560149196,34.015623439850806
2025-09-04,Mission Bay,9.0,0.0,19.015623439850806
2025-09-05,Mission Bay,9.0,0.0,19.015623439850806
2025-09-06,Mission Bay,14.0,3.9843765601491956,24.015623439850806
2025-09-07,Mission Bay,21.0,10.984376560149196,31.015623439850806
2025-09-08,Mission Bay,13.0,2.9843765601491956,23.015623439850806
2025-09-09,Mission Bay,14.0,3.9843765601491956,24.015623439850806
2025-09-10,Mission Bay,24.0,13.984376560149196,34.015623439850806
2025-09-11,Mission Bay,9.0,0.0,19.015623439850806
2025-09-12,Mission Bay,9.0,0.0,19.015623439850806
2025-09-13,Mission Bay,14.0,3.9843765601491956,24.015623439850806
2025-09-14,Mission Bay,21.0,10.984376560149196,31.015623439850806
2025-09-15,Mission Bay,13.0,2.9843765601491956,23.015623439850806
2025-09-16,Mission Bay,14.0,3.9843765601491956,24.015623439850806
2025-08-18,Nob Hill,77.0,47.727968874329505,106.2720311256705
2025-08-19,Nob Hill,82.0,52.727968874329505,111.2720311256705
2025-08-20,Nob Hill,58.0,28.727968874329505,87.2720311256705
2025-08-21,Nob Hill,91.0,61.727968874329505,120.2720311256705
2025-08-22,Nob Hill,45.0,15.727968874329505,74.2720311256705
2025-08-23,Nob Hill,63.0,33.727968874329505,92.2720311256705
2025-08-24,Nob Hill,56.0,26.727968874329505,85.2720311256705
2025-08-25,Nob Hill,77.0,47.727968874329505,106.2720311256705
2025-08-26,Nob Hill,82.0,52.727968874329505,111.2720311256705
2025-08-27,Nob Hill,58.0,28.727968874329505,87.2720311256705
2025-08-28,Nob Hill,91.0,61.727968874329505,120.2720311256705
2025-08-29,Nob Hill,45.0,15.727968874329505,74.2720311256705
2025-08-30,Nob Hill,63.0,33.727968874329505,92.2720311256705
2025-08-31,Nob Hill,56.0,26.727968874329505,85.2720311256705
2025-09-01,Nob Hill,77.0,47.727968874329505,106.2720311256705
2025-09-02,Nob Hill,82.0,52.727968874329505,111.2720311256705
2025-09-03,Nob Hill,58.0,28.727968874329505,87.2720311256705
2025-09-04,Nob Hill,91.0,61.727968874329505,120.2720311256705
2025-09-05,Nob Hill,45.0,15.727968874329505,74.2720311256705
2025-09-06,Nob Hill,63.0,33.727968874329505,92.2720311256705
2025-09-07,Nob Hill,56.0,26.727968874329505,85.2720311256705
2025-09-08,Nob Hill,77.0,47.727968874329505,106.2720311256705
2025-09-09,Nob Hill,82.0,52.727968874329505,111.2720311256705
2025-09-10,Nob Hill,58.0,28.727968874329505,87.2720311256705
2025-09-11,Nob Hill,91.0,61.727968874329505,120.2720311256705
2025-09-12,Nob Hill,45.0,15.727968874329505,74.2720311256705
2025-09-13,Nob Hill,63.0,33.727968874329505,92.2720311256705
2025-09-14,Nob Hill,56.0,26.727968874329505,85.2720311256705
2025-09-15,Nob Hill,77.0,47.727968874329505,106.2720311256705
2025-09-16,Nob Hill,82.0,52.727968874329505,111.2720311256705
2025-08-18,North Beach,27.0,12.658031190476905,41.341968809523095
2025-08-19,North Beach,28.0,13.658031190476905,42.341968809523095
2025-08-20,North Beach,18.0,3.6580311904769047,32.341968809523095
2025-08-21,North Beach,14.0,0.0,28.341968809523095
2025-08-22,North Beach,6.0,0.0,20.341968809523095
2025-08-23,North Beach,24.0,9.658031190476905,38.341968809523095
2025-08-24,North Beach,17.0,2.6580311904769047,31.341968809523095
2025-08-25,North Beach,27.0,12.658031190476905,41.341968809523095
2025-08-26,North Beach,28.0,13.658031190476905,42.341968809523095
2025-08-27,North Beach,18.0,3.6580311904769047,32.341968809523095
2025-08-28,North Beach,14.0,0.0,28.341968809523095
2025-08-29,North Beach,6.0,0.0,20.341968809523095
2025-08-30,North Beach,24.0,9.658031190476905,38.341968809523095
2025-08-31,North Beach,17.0,2.6580311904769047,31.341968809523095
2025-09-01,North Beach,27.0,12.658031190476905,41.341968809523095
2025-09-02,North Beach,28.0,13.658031190476905,42.341968809523095
2025-09-03,North Beach,18.0,3.6580311904769047,32.341968809523095
2025-09-04,North Beach,14.0,0.0,28.341968809523095
2025-09-05,North Beach,6.0,0.0,20.341968809523095
2025-09-06,North Beach,24.0,9.658031190476905,38.341968809523095
2025-09-07,North Beach,17.0,2.6580311904769047,31.341968809523095
2025-09-08,North Beach,27.0,12.658031190476905,41.341968809523095
2025-09-09,North Beach,28.0,13.658031190476905,42.341968809523095
2025-09-10,North Beach,18.0,3.6580311904769047,32.341968809523095
2025-09-11,North Beach,14.0,0.0,28.341968809523095
2025-09-12,North Beach,6.0,0.0,20.341968809523095
2025-09-13,North Beach,24.0,9.658031190476905,38.341968809523095
2025-09-14,North Beach,17.0,2.6580311904769047,31.341968809523095
2025-09-15,North Beach,27.0,12.658031190476905,41.341968809523095
2025-09-16,North Beach,28.0,13.658031190476905,42.341968809523095
2025-08-18,Oceanview/Merced/Ingleside,15.0,5.811197055352881,24.18880294464712
2025-08-19,Oceanview/Merced/Ingleside,12.0,2.8111970553528813,21.18880294464712
2025-08-20,Oceanview/Merced/Ingleside,20.0,10.811197055352881,29.18880294464712
2025-08-21,Oceanview/Merced/Ingleside,14.0,4.811197055352881,23.18880294464712
2025-08-22,Oceanview/Merced/Ingleside,19.0,9.811197055352881,28.18880294464712
2025-08-23,Oceanview/Merced/Ingleside,6.0,0.0,15.188802944647119
2025-08-24,Oceanview/Merced/Ingleside,8.0,0.0,17.18880294464712
2025-08-25,Oceanview/Merced/Ingleside,15.0,5.811197055352881,24.18880294464712
2025-08-26,Oceanview/Merced/Ingleside,12.0,2.8111970553528813,21.18880294464712
2025-08-27,Oceanview/Merced/Ingleside,20.0,10.811197055352881,29.18880294464712
2025-08-28,Oceanview/Merced/Ingleside,14.0,4.811197055352881,23.18880294464712
2025-08-29,Oceanview/Merced/Ingleside,19.0,9.811197055352881,28.18880294464712
2025-08-30,Oceanview/Merced/Ingleside,6.0,0.0,15.188802944647119
2025-08-31,Oceanview/Merced/Ingleside,8.0,0.0,17.18880294464712
2025-09-01,Oceanview/Merced/Ingleside,15.0,5.811197055352881,24.18880294464712
2025-09-02,Oceanview/Merced/Ingleside,12.0,2.8111970553528813,21.18880294464712
2025-09-03,Oceanview/Merced/Ingleside,20.0,10.811197055352881,29.18880294464712
2025-09-04,Oceanview/Merced/Ingleside,14.0,4.811197055352881,23.18880294464712
2025-09-05,Oceanview/Merced/Ingleside,19.0,9.811197055352881,28.18880294464712
2025-09-06,Oceanview/Merced/Ingleside,6.0,0.0,15.188802944647119
2025-09-07,Oceanview/Merced/Ingleside,8.0,0.0,17.18880294464712
2025-09-08,Oceanview/Merced/Ingleside,15.0,5.811197055352881,24.18880294464712
2025-09-09,Oceanview/Merced/Ingleside,12.0,2.8111970553528813,21.18880294464712
2025-09-10,Oceanview/Merced/Ingleside,20.0,10.811197055352881,29.18880294464712
2025-09-11,Oceanview/Merced/Ingleside,14.0,4.811197055352881,23.18880294464712
2025-09-12,Oceanview/Merced/Ingleside,19.0,9.811197055352881,28.18880294464712
2025-09-13,Oceanview/Merced/Ingleside,6.0,0.0,15.188802944647119
2025-09-14,Oceanview/Merced/Ingleside,8.0,0.0,17.18880294464712
2025-09-15,Oceanview/Merced/Ingleside,15.0,5.811197055352881,24.18880294464712
2025-09-16,Oceanview/Merced/Ingleside,12.0,2.8111970553528813,21.18880294464712
2025-08-18,Portola,24.0,10.640012242187913,37.359987757812085
2025-08-19,Portola,32.0,18.640012242187915,45.359987757812085
2025-08-20,Portola,9.0,0.0,22.359987757812085
2025-08-21,Portola,15.0,1.6400122421879129,28.359987757812085
2025-08-22,Portola,20.0,6.640012242187913,33.359987757812085
2025-08-23,Portola,20.0,6.640012242187913,33.359987757812085
2025-08-24,Portola,23.0,9.640012242187913,36.359987757812085
2025-08-25,Portola,24.0,10.640012242187913,37.359987757812085
2025-08-26,Portola,32.0,18.640012242187915,45.359987757812085
2025-08-27,Portola,9.0,0.0,22.359987757812085
2025-08-28,Portola,15.0,1.6400122421879129,28.359987757812085
2025-08-29,Portola,20.0,6.640012242187913,33.359987757812085
2025-08-30,Portola,20.0,6.640012242187913,33.359987757812085
2025-08-31,Portola,23.0,9.640012242187913,36.359987757812085
2025-09-01,Portola,24.0,10.640012242187913,37.359987757812085
2025-09-02,Portola,32.0,18.640012242187915,45.359987757812085
2025-09-03,Portola,9.0,0.0,22.359987757812085
2025-09-04,Portola,15.0,1.6400122421879129,28.359987757812085
2025-09-05,Portola,20.0,6.640012242187913,33.359987757812085
2025-09-06,Portola,20.0,6.640012242187913,33.359987757812085
2025-09-07,Portola,23.0,9.640012242187913,36.359987757812085
2025-09-08,Portola,24.0,10.640012242187913,37.359987757812085
2025-09-09,Portola,32.0,18.640012242187915,45.359987757812085
2025-09-10,Portola,9.0,0.0,22.359987757812085
2025-09-11,Portola,15.0,1.6400122421879129,28.359987757812085
2025-09-12,Portola,20.0,6.640012242187913,33.359987757812085
2025-09-13,Portola,20.0,6.640012242187913,33.359987757812085
2025-09-14,Portola,23.0,9.640012242187913,36.359987757812085
2025-09-15,Portola,24.0,10.640012242187913,37.359987757812085
2025-09-16,Portola,32.0,18.640012242187915,45.359987757812085
2025-08-18,Potrero Hill,10.0,0.0,22.899652639595466
2025-08-19,Potrero Hill,6.0,0.0,18.899652639595466
2025-08-20,Potrero Hill,14.0,1.1003473604045357,26.899652639595466
2025-08-21,Potrero Hill,6.0,0.0,18.899652639595466
2025-08-22,Potrero Hill,9.0,0.0,21.899652639595466
2025-08-23,Potrero Hill,13.0,0.10034736040453573,25.899652639595466
2025-08-24,Potrero Hill,27.0,14.100347360404536,39.899652639595466
2025-08-25,Potrero Hill,10.0,0.0,22.899652639595466
2025-08-26,Potrero Hill,6.0,0.0,18.899652639595466
2025-08-27,Potrero Hill,14.0,1.1003473604045357,26.899652639595466
2025-08-28,Potrero Hill,6.0,0.0,18.899652639595466
2025-08-29,Potrero Hill,9.0,0.0,21.899652639595466
2025-08-30,Potrero Hill,13.0,0.10034736040453573,25.899652639595466
2025-08-31,Potrero Hill,27.0,14.100347360404536,39.899652639595466
2025-09-01,Potrero Hill,10.0,0.0,22.899652639595466
2025-09-02,Potrero Hill,6.0,0.0,18.899652639595466
2025-09-03,Potrero Hill,14.0,1.1003473604045357,26.899652639595466
2025-09-04,Potrero Hill,6.0,0.0,18.899652639595466
2025-09-05,Potrero Hill,9.0,0.0,21.899652639595466
2025-09-06,Potrero Hill,13.0,0.10034736040453573,25.899652639595466
2025-09-07,Potrero Hill,27.0,14.100347360404536,39.899652639595466
2025-09-08,Potrero Hill,10.0,0.0,22.899652639595466
2025-09-09,Potrero Hill,6.0,0.0,18.899652639595466
2025-09-10,Potrero Hill,14.0,1.1003473604045357,26.899652639595466
2025-09-11,Potrero Hill,6.0,0.0,18.899652639595466
2025-09-12,Potrero Hill,9.0,0.0,21.899652639595466
2025-09-13,Potrero Hill,13.0,0.10034736040453573,25.899652639595466
2025-09-14,Potrero Hill,27.0,14.100347360404536,39.899652639595466
2025-09-15,Potrero Hill,10.0,0.0,22.899652639595466
2025-09-16,Potrero Hill,6.0,0.0,18.899652639595466
2025-08-17,Twin Peaks,2.0,0.0,5.01950282883347
2025-08-18,Twin Peaks,2.0,0.0,5.01950282883347
2025-08-19,Twin Peaks,5.0,1.9804971711665296,8.01950282883347
2025-08-20,Twin Peaks,0.0,0.0,3.0195028288334704
2025-08-21,Twin Peaks,4.0,0.9804971711665296,7.01950282883347
2025-08-22,Twin Peaks,1.0,0.0,4.01950282883347
2025-08-23,Twin Peaks,3.0,0.0,6.01950282883347
2025-08-24,Twin Peaks,2.0,0.0,5.01950282883347
2025-08-25,Twin Peaks,2.0,0.0,5.01950282883347
2025-08-26,Twin Peaks,5.0,1.9804971711665296,8.01950282883347
2025-08-27,Twin Peaks,0.0,0.0,3.0195028288334704
2025-08-28,Twin Peaks,4.0,0.9804971711665296,7.01950282883347
2025-08-29,Twin Peaks,1.0,0.0,4.01950282883347
2025-08-30,Twin Peaks,3.0,0.0,6.01950282883347
2025-08-31,Twin Peaks,2.0,0.0,5.01950282883347
2025-09-01,Twin Peaks,2.0,0.0,5.01950282883347
2025-09-02,Twin Peaks,5.0,1.9804971711665296,8.01950282883347
2025-09-03,Twin Peaks,0.0,0.0,3.0195028288334704
2025-09-04,Twin Peaks,4.0,0.9804971711665296,7.01950282883347
2025-09-05,Twin Peaks,1.0,0.0,4.01950282883347
2025-09-06,Twin Peaks,3.0,0.0,6.01950282883347
2025-09-07,Twin Peaks,2.0,0.0,5.01950282883347
2025-09-08,Twin Peaks,2.0,0.0,5.01950282883347
2025-09-09,Twin Peaks,5.0,1.9804971711665296,8.01950282883347
2025-09-10,Twin Peaks,0.0,0.0,3.0195028288334704
2025-09-11,Twin Peaks,4.0,0.9804971711665296,7.01950282883347
2025-09-12,Twin Peaks,1.0,0.0,4.01950282883347
2025-09-13,Twin Peaks,3.0,0.0,6.01950282883347
2025-09-14,Twin Peaks,2.0,0.0,5.01950282883347
2025-09-15,Twin Peaks,2.0,0.0,5.01950282883347
2025-08-18,Visitacion Valley,23.0,12.509167261100977,33.49083273889902
2025-08-19,Visitacion Valley,15.0,4.509167261100977,25.490832738899023
2025-08-20,Visitacion Valley,10.0,0.0,20.490832738899023
2025-08-21,Visitacion Valley,11.0,0.509167261100977,21.490832738899023
2025-08-22,Visitacion Valley,6.0,0.0,16.490832738899023
2025-08-23,Visitacion Valley,10.0,0.0,20.490832738899023
2025-08-24,Visitacion Valley,9.0,0.0,19.490832738899023
2025-08-25,Visitacion Valley,23.0,12.509167261100977,33.49083273889902
2025-08-26,Visitacion Valley,15.0,4.509167261100977,25.490832738899023
2025-08-27,Visitacion Valley,10.0,0.0,20.490832738899023
2025-08-28,Visitacion Valley,11.0,0.509167261100977,21.490832738899023
2025-08-29,Visitacion Valley,6.0,0.0,16.490832738899023
2025-08-30,Visitacion Valley,10.0,0.0,20.490832738899023
2025-08-31,Visitacion Valley,9.0,0.0,19.490832738899023
2025-09-01,Visitacion Valley,23.0,12.509167261100977,33.49083273889902
2025-09-02,Visitacion Valley,15.0,4.509167261100977,25.490832738899023
2025-09-03,Visitacion Valley,10.0,0.0,20.490832738899023
2025-09-04,Visitacion Valley,11.0,0.509167261100977,21.490832738899023
2025-09-05,Visitacion Valley,6.0,0.0,16.490832738899023
2025-09-06,Visitacion Valley,10.0,0.0,20.490832738899023
2025-09-07,Visitacion Valley,9.0,0.0,19.490832738899023
2025-09-08,Visitacion Valley,23.0,12.509167261100977,33.49083273889902
2025-09-09,Visitacion Valley,15.0,4.509167261100977,25.490832738899023
2025-09-10,Visitacion Valley,10.0,0.0,20.490832738899023
2025-09-11,Visitacion Valley,11.0,0.509167261100977,21.490832738899023
2025-09-12,Visitacion Valley,6.0,0.0,16.490832738899023
2025-09-13,Visitacion Valley,10.0,0.0,20.490832738899023
2025-09-14,Visitacion Valley,9.0,0.0,19.490832738899023
2025-09-15,Visitacion Valley,23.0,12.509167261100977,33.49083273889902
2025-09-16,Visitacion Valley,15.0,4.509167261100977,25.490832738899023
2025-08-15,Treasure Island,1.0,0.0,3.305257758545307
2025-08-16,Treasure Island,0.0,0.0,2.305257758545307
2025-08-17,Treasure Island,2.0,0.0,4.305257758545308
2025-08-18,Treasure Island,2.0,0.0,4.305257758545308
2025-08-19,Treasure Island,0.0,0.0,2.305257758545307
2025-08-20,Treasure Island,3.0,0.6947422414546929,5.305257758545308
2025-08-21,Treasure Island,3.0,0.6947422414546929,5.305257758545308
2025-08-22,Treasure Island,1.0,0.0,3.305257758545307
2025-08-23,Treasure Island,0.0,0.0,2.305257758545307
2025-08-24,Treasure Island,2.0,0.0,4.305257758545308
2025-08-25,Treasure Island,2.0,0.0,4.305257758545308
2025-08-26,Treasure Island,0.0,0.0,2.305257758545307
2025-08-27,Treasure Island,3.0,0.6947422414546929,5.305257758545308
2025-08-28,Treasure Island,3.0,0.6947422414546929,5.305257758545308
2025-08-29,Treasure Island,1.0,0.0,3.305257758545307
2025-08-30,Treasure Island,0.0,0.0,2.305257758545307
2025-08-31,Treasure Island,2.0,0.0,4.305257758545308
2025-09-01,Treasure Island,2.0,0.0,4.305257758545308
2025-09-02,Treasure Island,0.0,0.0,2.305257758545307
2025-09-03,Treasure Island,3.0,0.6947422414546929,5.305257758545308
2025-09-04,Treasure Island,3.0,0.6947422414546929,5.305257758545308
2025-09-05,Treasure Island,1.0,0.0,3.305257758545307
2025-09-06,Treasure Island,0.0,0.0,2.305257758545307
2025-09-07,Treasure Island,2.0,0.0,4.305257758545308
2025-09-08,Treasure Island,2.0,0.0,4.305257758545308
2025-09-09,Treasure Island,0.0,0.0,2.305257758545307
2025-09-10,Treasure Island,3.0,0.6947422414546929,5.305257758545308
2025-09-11,Treasure Island,3.0,0.6947422414546929,5.305257758545308
2025-09-12,Treasure Island,1.0,0.0,3.305257758545307
2025-09-13,Treasure Island,0.0,0.0,2.305257758545307
2025-08-17,Seacliff,1.0,0.0,3.054626865286141
2025-08-18,Seacliff,0.0,0.0,2.054626865286141
2025-08-19,Seacliff,3.0,0.9453731347138592,5.05462686528614
2025-08-20,Seacliff,2.0,0.0,4.05462686528614
2025-08-21,Seacliff,0.0,0.0,2.054626865286141
2025-08-22,Seacliff,0.0,0.0,2.054626865286141
2025-08-23,Seacliff,1.0,0.0,3.054626865286141
2025-08-24,Seacliff,1.0,0.0,3.054626865286141
2025-08-25,Seacliff,0.0,0.0,2.054626865286141
2025-08-26,Seacliff,3.0,0.9453731347138592,5.05462686528614
2025-08-27,Seacliff,2.0,0.0,4.05462686528614
2025-08-28,Seacliff,0.0,0.0,2.054626865286141
2025-08-29,Seacliff,0.0,0.0,2.054626865286141
2025-08-30,Seacliff,1.0,0.0,3.054626865286141
2025-08-31,Seacliff,1.0,0.0,3.054626865286141
2025-09-01,Seacliff,0.0,0.0,2.054626865286141
2025-09-02,Seacliff,3.0,0.9453731347138592,5.05462686528614
2025-09-03,Seacliff,2.0,0.0,4.05462686528614
2025-09-04,Seacliff,0.0,0.0,2.054626865286141
2025-09-05,Seacliff,0.0,0.0,2.054626865286141
2025-09-06,Seacliff,1.0,0.0,3.054626865286141
2025-09-07,Seacliff,1.0,0.0,3.054626865286141
2025-09-08,Seacliff,0.0,0.0,2.054626865286141
2025-09-09,Seacliff,3.0,0.9453731347138592,5.05462686528614
2025-09-10,Seacliff,2.0,0.0,4.05462686528614
2025-09-11,Seacliff,0.0,0.0,2.054626865286141
2025-09-12,Seacliff,0.0,0.0,2.054626865286141
2025-09-13,Seacliff,1.0,0.0,3.054626865286141
2025-09-14,Seacliff,1.0,0.0,3.054626865286141
2025-09-15,Seacliff,0.0,0.0,2.054626865286141
2025-08-18,Presidio,0.0,0.0,0.8667446118795443
2025-08-19,Presidio,0.0,0.0,0.8667446118795443
2025-08-20,Presidio,0.0,0.0,0.8667446118795443
2025-08-21,Presidio,0.0,0.0,0.8667446118795443
2025-08-22,Presidio,1.0,0.13325538812045568,1.8667446118795443
2025-08-23,Presidio,0.0,0.0,0.8667446118795443
2025-08-24,Presidio,1.0,0.13325538812045568,1.8667446118795443
2025-08-25,Presidio,0.0,0.0,0.8667446118795443
2025-08-26,Presidio,0.0,0.0,0.8667446118795443
2025-08-27,Presidio,0.0,0.0,0.8667446118795443
2025-08-28,Presidio,0.0,0.0,0.8667446118795443
2025-08-29,Presidio,1.0,0.13325538812045568,1.8667446118795443
2025-08-30,Presidio,0.0,0.0,0.8667446118795443
2025-08-31,Presidio,1.0,0.13325538812045568,1.8667446118795443
2025-09-01,Presidio,0.0,0.0,0.8667446118795443
2025-09-02,Presidio,0.0,0.0,0.8667446118795443
2025-09-03,Presidio,0.0,0.0,0.8667446118795443
2025-09-04,Presidio,0.0,0.0,0.8667446118795443
2025-09-05,Presidio,1.0,0.13325538812045568,1.8667446118795443
2025-09-06,Presidio,0.0,0.0,0.8667446118795443
2025-09-07,Presidio,1.0,0.13325538812045568,1.8667446118795443
2025-09-08,Presidio,0.0,0.0,0.8667446118795443
2025-09-09,Presidio,0.0,0.0,0.8667446118795443
2025-09-10,Presidio,0.0,0.0,0.8667446118795443
2025-09-11,Presidio,0.0,0.0,0.8667446118795443
2025-09-12,Presidio,1.0,0.13325538812045568,1.8667446118795443
2025-09-13,Presidio,0.0,0.0,0.8667446118795443
2025-09-14,Presidio,1.0,0.13325538812045568,1.8667446118795443
2025-09-15,Presidio,0.0,0.0,0.8667446118795443
2025-09-16,Presidio,0.0,0.0,0.8667446118795443
